Input Data,

,
Material Data,

,
matID,Soft PE80
density,938
eDyn0degC,2.62
dEdyndT,-0.037
creepModulus,0.3
poisson,0.38

,
Pipe Data,

,
pipeID,250mm_SDR11
diameter,250
sdr,11
notchDepth,0
diameterCreepRatio,1

,
Test Setup Data,

,
fullScale,2
tempDegC,0
p0bar,5
isBackfilled,2
backfillDepth,100
backfillDensity,2200
solidInsidePipe,0.25
waterInsidePipe,0.25

,
Program Control Data,

,
outflowModelOn,0
lambda,3
solutionmethod,2
numberOfSpeedValues,50
elementsInL,10
aDotc0,0.5

,
aDotc0,Irwin Corten Force,diameterRes0,residualCrackClosure,densityratio,zetaclosure,nodeAtClosure,outflowLength,p1bar,v0,vStarRes,aDotCLfactor,aDotcClfactor_backfilled,maxIterations,iterations,m[0],m[1],alpha[0],alpha[1],error,notConverged,arraySize
,
0,0.689812,0,0,0,0,0,0,0,0,0,0,0,0,0,0,0,0,0,0,0
0,0.689812,250,0,0,0,0,0,0,0,0,0,0,0,0,0,0,0,0,0,0
0,0.689812,250,0,12.589,0,0,0,0,0,0,0,0,0,0,0,0,0,0,0,0
0,0.689812,250,0,12.589,2,20,0,0,0,0,0,0,0,0,0,0,0,0,0,0
 
0.02,0.689812,250,0,12.589,2,20,3,0.721942,0.175565,0,1.00002,1.0002,0,0,0,0,0,0,0,0
0.02,0.689812,250,0,12.589,2,20,3,0.721942,0.175565,0,1.00002,1.0002,100,0,6.60879,6.60998,0.838365,0.812568,0,1
0.02,0.689812,250,0,12.589,2,23,3,0.721942,0.175565,0,1.00002,1.0002,100,1,6.60879,6.60998,0.838365,0.812568,0.196326,1
0.02,0.689812,250,0,12.589,2,24,3,0.721942,0.175565,0,1.00002,1.0002,100,2,6.60879,6.60998,0.838365,0.812568,0.171341,1
0.02,0.689812,250,0,12.589,2,25,3,0.721942,0.175565,0,1.00002,1.0002,100,3,6.60879,6.60998,0.838365,0.812568,0.147753,1
0.02,0.689812,250,0,12.589,2,26,3,0.721942,0.175565,0,1.00002,1.0002,100,4,6.60879,6.60998,0.838365,0.812568,0.125645,1
0.02,0.689812,250,0,12.589,2,27,3,0.721942,0.175565,0,1.00002,1.0002,100,5,6.60879,6.60998,0.838365,0.812568,0.1051,1
0.02,0.689812,250,0,12.589,2,28,3,0.721942,0.175565,0,1.00002,1.0002,100,6,6.60879,6.60998,0.838365,0.812568,0.086198,1
0.02,0.689812,250,0,12.589,2,29,3,0.721942,0.175565,0,1.00002,1.0002,100,7,6.60879,6.60998,0.838365,0.812568,0.0689968,1
0.02,0.689812,250,0,12.589,2,30,3,0.721942,0.175565,0,1.00002,1.0002,100,8,6.60879,6.60998,0.838365,0.812568,0.0535296,1
0.02,0.689812,250,0,12.589,2,31,3,0.721942,0.175565,0,1.00002,1.0002,100,9,6.60879,6.60998,0.838365,0.812568,0.0398003,1
0.02,0.689812,250,0,12.589,2,32,3,0.721942,0.175565,0,1.00002,1.0002,100,10,6.60879,6.60998,0.838365,0.812568,0.0277826,1
0.02,0.689812,250,0,12.589,2,33,3,0.721942,0.175565,0,1.00002,1.0002,100,11,6.60879,6.60998,0.838365,0.812568,0.0174222,1
0.02,0.689812,250,0,12.589,2,34,3,0.721942,0.175565,0,1.00002,1.0002,100,11,6.60879,6.60998,0.838365,0.812568,0.0086403,0
0.02,0.689812,250,0,12.589,2,34,3,0.721942,0.175565,0,1.00002,1.0002,100,12,6.60879,6.60998,0.838365,0.812568,0.0086403,0
 
0.04,0.689812,250,0,12.589,2,34,3,0.770542,0.187384,0,1.00006,1.00079,100,12,6.60879,6.60998,0.838365,0.812568,0.0086403,0
0.04,0.689812,250,0,12.589,2,34,3,0.770542,0.187384,0,1.00006,1.00079,100,0,6.6049,6.60967,0.917413,0.819324,0,1
0.04,0.689812,250,0,12.589,2,35,3,0.770542,0.187384,0,1.00006,1.00079,100,0,6.6049,6.60967,0.917413,0.819324,-0.00474606,0
0.04,0.689812,250,0,12.589,2,35,3,0.770542,0.187384,0,1.00006,1.00079,100,1,6.6049,6.60967,0.917413,0.819324,-0.00474606,0
 
0.06,0.689812,250,0,12.589,2,35,3,0.820313,0.199488,0,1.00014,1.00177,100,1,6.6049,6.60967,0.917413,0.819324,-0.00474606,0
0.06,0.689812,250,0,12.589,2,35,3,0.820313,0.199488,0,1.00014,1.00177,100,0,6.59843,6.60916,1.03584,0.830461,0,1
0.06,0.689812,250,0,12.589,2,35,3,0.820313,0.199488,0,1.00014,1.00177,100,0,6.59843,6.60916,1.03584,0.830461,-0.00499409,0
0.06,0.689812,250,0,12.589,2,35,3,0.820313,0.199488,0,1.00014,1.00177,100,1,6.59843,6.60916,1.03584,0.830461,-0.00499409,0
 
0.08,0.689812,250,0,12.589,2,35,3,0.871279,0.211882,0,1.00025,1.00314,100,1,6.59843,6.60916,1.03584,0.830461,-0.00499409,0
0.08,0.689812,250,0,12.589,2,35,3,0.871279,0.211882,0,1.00025,1.00314,100,0,6.58939,6.60844,1.18187,0.845808,0,1
0.08,0.689812,250,0,12.589,2,35,3,0.871279,0.211882,0,1.00025,1.00314,100,0,6.58939,6.60844,1.18187,0.845808,-0.00534336,0
0.08,0.689812,250,0,12.589,2,35,3,0.871279,0.211882,0,1.00025,1.00314,100,1,6.58939,6.60844,1.18187,0.845808,-0.00534336,0
 
0.1,0.689812,250,0,12.589,2,35,3,0.923463,0.224572,0,1.00039,1.00491,100,1,6.58939,6.60844,1.18187,0.845808,-0.00534336,0
0.1,0.689812,250,0,12.589,2,35,3,0.923463,0.224572,0,1.00039,1.00491,100,0,6.5778,6.60751,1.34655,0.865139,0,1
0.1,0.689812,250,0,12.589,2,35,3,0.923463,0.224572,0,1.00039,1.00491,100,0,6.5778,6.60751,1.34655,0.865139,-0.00579593,0
0.1,0.689812,250,0,12.589,2,35,3,0.923463,0.224572,0,1.00039,1.00491,100,1,6.5778,6.60751,1.34655,0.865139,-0.00579593,0
 
0.12,0.689812,250,0,12.589,2,35,3,0.976889,0.237565,0,1.00056,1.00707,100,1,6.5778,6.60751,1.34655,0.865139,-0.00579593,0
0.12,0.689812,250,0,12.589,2,35,3,0.976889,0.237565,0,1.00056,1.00707,100,0,6.5637,6.60638,1.52385,0.888195,0,1
0.12,0.689812,250,0,12.589,2,35,3,0.976889,0.237565,0,1.00056,1.00707,100,0,6.5637,6.60638,1.52385,0.888195,-0.00635451,0
0.12,0.689812,250,0,12.589,2,35,3,0.976889,0.237565,0,1.00056,1.00707,100,1,6.5637,6.60638,1.52385,0.888195,-0.00635451,0
 
0.14,0.689812,250,0,12.589,2,35,3,1.03158,0.250865,0,1.00076,1.00962,100,1,6.5637,6.60638,1.52385,0.888195,-0.00635451,0
0.14,0.689812,250,0,12.589,2,35,3,1.03158,0.250865,0,1.00076,1.00962,100,0,6.5471,6.60504,1.70985,0.914694,0,1
0.14,0.689812,250,0,12.589,2,34,3,1.03158,0.250865,0,1.00076,1.00962,100,0,6.5471,6.60504,1.70985,0.914694,-0.00104473,0
0.14,0.689812,250,0,12.589,2,34,3,1.03158,0.250865,0,1.00076,1.00962,100,1,6.5471,6.60504,1.70985,0.914694,-0.00104473,0
 
0.16,0.689812,250,0,12.589,2,34,3,1.08757,0.26448,0,1.001,1.01256,100,1,6.5471,6.60504,1.70985,0.914694,-0.00104473,0
0.16,0.689812,250,0,12.589,2,34,3,1.08757,0.26448,0,1.001,1.01256,100,0,6.52806,6.6035,1.90199,0.944346,0,1
0.16,0.689812,250,0,12.589,2,34,3,1.08757,0.26448,0,1.001,1.01256,100,0,6.52806,6.6035,1.90199,0.944346,-0.00181191,0
0.16,0.689812,250,0,12.589,2,34,3,1.08757,0.26448,0,1.001,1.01256,100,1,6.52806,6.6035,1.90199,0.944346,-0.00181191,0
 
0.18,0.689812,250,0,12.589,2,34,3,1.14487,0.278415,0,1.00126,1.0159,100,1,6.52806,6.6035,1.90199,0.944346,-0.00181191,0
0.18,0.689812,250,0,12.589,2,34,3,1.14487,0.278415,0,1.00126,1.0159,100,0,6.50662,6.60175,2.0986,0.976864,0,1
0.18,0.689812,250,0,12.589,2,34,3,1.14487,0.278415,0,1.00126,1.0159,100,0,6.50662,6.60175,2.0986,0.976864,-0.00269515,0
0.18,0.689812,250,0,12.589,2,34,3,1.14487,0.278415,0,1.00126,1.0159,100,1,6.50662,6.60175,2.0986,0.976864,-0.00269515,0
 
0.2,0.689812,250,0,12.589,2,34,3,1.20351,0.292677,0,1.00156,1.01963,100,1,6.50662,6.60175,2.0986,0.976864,-0.00269515,0
0.2,0.689812,250,0,12.589,2,34,3,1.20351,0.292677,0,1.00156,1.01963,100,0,6.48281,6.59979,2.29853,1.01197,0,1
0.2,0.689812,250,0,12.589,2,34,3,1.20351,0.292677,0,1.00156,1.01963,100,0,6.48281,6.59979,2.29853,1.01197,-0.00370004,0
0.2,0.689812,250,0,12.589,2,34,3,1.20351,0.292677,0,1.00156,1.01963,100,1,6.48281,6.59979,2.29853,1.01197,-0.00370004,0
 
0.22,0.689812,250,0,12.589,2,34,3,1.26353,0.307271,0,1.00189,1.02376,100,1,6.48281,6.59979,2.29853,1.01197,-0.00370004,0
0.22,0.689812,250,0,12.589,2,34,3,1.26353,0.307271,0,1.00189,1.02376,100,0,6.4567,6.59764,2.50098,1.04941,0,1
0.22,0.689812,250,0,12.589,2,34,3,1.26353,0.307271,0,1.00189,1.02376,100,0,6.4567,6.59764,2.50098,1.04941,-0.00483313,0
0.22,0.689812,250,0,12.589,2,34,3,1.26353,0.307271,0,1.00189,1.02376,100,1,6.4567,6.59764,2.50098,1.04941,-0.00483313,0
 
0.24,0.689812,250,0,12.589,2,34,3,1.32494,0.322205,0,1.00225,1.02827,100,1,6.4567,6.59764,2.50098,1.04941,-0.00483313,0
0.24,0.689812,250,0,12.589,2,34,3,1.32494,0.322205,0,1.00225,1.02827,100,0,6.42835,6.59528,2.70538,1.08894,0,1
0.24,0.689812,250,0,12.589,2,34,3,1.32494,0.322205,0,1.00225,1.02827,100,0,6.42835,6.59528,2.70538,1.08894,-0.006102,0
0.24,0.689812,250,0,12.589,2,34,3,1.32494,0.322205,0,1.00225,1.02827,100,1,6.42835,6.59528,2.70538,1.08894,-0.006102,0
 
0.26,0.689812,250,0,12.589,2,34,3,1.38777,0.337485,0,1.00264,1.03318,100,1,6.42835,6.59528,2.70538,1.08894,-0.006102,0
0.26,0.689812,250,0,12.589,2,34,3,1.38777,0.337485,0,1.00264,1.03318,100,0,6.39781,6.59271,2.91134,1.13034,0,1
0.26,0.689812,250,0,12.589,2,34,3,1.38777,0.337485,0,1.00264,1.03318,100,0,6.39781,6.59271,2.91134,1.13034,-0.00751544,0
0.26,0.689812,250,0,12.589,2,34,3,1.38777,0.337485,0,1.00264,1.03318,100,1,6.39781,6.59271,2.91134,1.13034,-0.00751544,0
 
0.28,0.689812,250,0,12.589,2,34,3,1.45205,0.353118,0,1.00306,1.03848,100,1,6.39781,6.59271,2.91134,1.13034,-0.00751544,0
0.28,0.689812,250,0,12.589,2,34,3,1.45205,0.353118,0,1.00306,1.03848,100,0,6.36516,6.58994,3.11853,1.17341,0,1
0.28,0.689812,250,0,12.589,2,33,3,1.45205,0.353118,0,1.00306,1.03848,100,0,6.36516,6.58994,3.11853,1.17341,-0.00136566,0
0.28,0.689812,250,0,12.589,2,33,3,1.45205,0.353118,0,1.00306,1.03848,100,1,6.36516,6.58994,3.11853,1.17341,-0.00136566,0
 
0.3,0.689812,250,0,12.589,2,33,3,1.51781,0.36911,0,1.00351,1.04417,100,1,6.36516,6.58994,3.11853,1.17341,-0.00136566,0
0.3,0.689812,250,0,12.589,2,33,3,1.51781,0.36911,0,1.00351,1.04417,100,0,6.33045,6.58697,3.32674,1.21797,0,1
0.3,0.689812,250,0,12.589,2,33,3,1.51781,0.36911,0,1.00351,1.04417,100,0,6.33045,6.58697,3.32674,1.21797,-0.00302575,0
0.3,0.689812,250,0,12.589,2,33,3,1.51781,0.36911,0,1.00351,1.04417,100,1,6.33045,6.58697,3.32674,1.21797,-0.00302575,0
 
0.32,0.689812,250,0,12.589,2,33,3,1.58508,0.385468,0,1.00399,1.05026,100,1,6.33045,6.58697,3.32674,1.21797,-0.00302575,0
0.32,0.689812,250,0,12.589,2,33,3,1.58508,0.385468,0,1.00399,1.05026,100,0,6.29376,6.5838,3.53578,1.26388,0,1
0.32,0.689812,250,0,12.589,2,33,3,1.58508,0.385468,0,1.00399,1.05026,100,0,6.29376,6.5838,3.53578,1.26388,-0.00485628,0
0.32,0.689812,250,0,12.589,2,33,3,1.58508,0.385468,0,1.00399,1.05026,100,1,6.29376,6.5838,3.53578,1.26388,-0.00485628,0
 
0.34,0.689812,250,0,12.589,2,33,3,1.65388,0.402199,0,1.00451,1.05674,100,1,6.29376,6.5838,3.53578,1.26388,-0.00485628,0
0.34,0.689812,250,0,12.589,2,33,3,1.65388,0.402199,0,1.00451,1.05674,100,0,6.25518,6.58043,3.74551,1.31098,0,1
0.34,0.689812,250,0,12.589,2,33,3,1.65388,0.402199,0,1.00451,1.05674,100,0,6.25518,6.58043,3.74551,1.31098,-0.00687155,0
0.34,0.689812,250,0,12.589,2,33,3,1.65388,0.402199,0,1.00451,1.05674,100,1,6.25518,6.58043,3.74551,1.31098,-0.00687155,0
 
0.36,0.689812,250,0,12.589,2,33,3,1.72424,0.41931,0,1.00505,1.06361,100,1,6.25518,6.58043,3.74551,1.31098,-0.00687155,0
0.36,0.689812,250,0,12.589,2,33,3,1.72424,0.41931,0,1.00505,1.06361,100,0,6.21477,6.57686,3.95583,1.35915,0,1
0.36,0.689812,250,0,12.589,2,33,3,1.72424,0.41931,0,1.00505,1.06361,100,0,6.21477,6.57686,3.95583,1.35915,-0.00908804,0
0.36,0.689812,250,0,12.589,2,33,3,1.72424,0.41931,0,1.00505,1.06361,100,1,6.21477,6.57686,3.95583,1.35915,-0.00908804,0
 
0.38,0.689812,250,0,12.589,2,33,3,1.7962,0.436809,0,1.00563,1.07087,100,1,6.21477,6.57686,3.95583,1.35915,-0.00908804,0
0.38,0.689812,250,0,12.589,2,33,3,1.7962,0.436809,0,1.00563,1.07087,100,0,6.17261,6.57308,4.16664,1.40829,0,1
0.38,0.689812,250,0,12.589,2,33,3,1.7962,0.436809,0,1.00563,1.07087,100,0,6.17261,6.57308,4.16664,1.40829,-0.0115248,0
0.38,0.689812,250,0,12.589,2,33,3,1.7962,0.436809,0,1.00563,1.07087,100,1,6.17261,6.57308,4.16664,1.40829,-0.0115248,0
 
0.4,0.689812,250,0,12.589,2,33,3,1.86978,0.454703,0,1.00624,1.07853,100,1,6.17261,6.57308,4.16664,1.40829,-0.0115248,0
0.4,0.689812,250,0,12.589,2,33,3,1.86978,0.454703,0,1.00624,1.07853,100,0,6.12879,6.56911,4.37789,1.45829,0,1
0.4,0.689812,250,0,12.589,2,32,3,1.86978,0.454703,0,1.00624,1.07853,100,0,6.12879,6.56911,4.37789,1.45829,-0.0038717,0
0.4,0.689812,250,0,12.589,2,32,3,1.86978,0.454703,0,1.00624,1.07853,100,1,6.12879,6.56911,4.37789,1.45829,-0.0038717,0
 
0.42,0.689812,250,0,12.589,2,32,3,1.94501,0.472999,0,1.00688,1.08658,100,1,6.12879,6.56911,4.37789,1.45829,-0.0038717,0
0.42,0.689812,250,0,12.589,2,32,3,1.94501,0.472999,0,1.00688,1.08658,100,0,6.08339,6.56494,4.5895,1.50906,0,1
0.42,0.689812,250,0,12.589,2,32,3,1.94501,0.472999,0,1.00688,1.08658,100,0,6.08339,6.56494,4.5895,1.50906,-0.00659366,0
0.42,0.689812,250,0,12.589,2,32,3,1.94501,0.472999,0,1.00688,1.08658,100,1,6.08339,6.56494,4.5895,1.50906,-0.00659366,0
 
0.44,0.689812,250,0,12.589,2,32,3,2.02193,0.491704,0,1.00755,1.09502,100,1,6.08339,6.56494,4.5895,1.50906,-0.00659366,0
0.44,0.689812,250,0,12.589,2,32,3,2.02193,0.491704,0,1.00755,1.09502,100,0,6.03649,6.56057,4.80143,1.56055,0,1
0.44,0.689812,250,0,12.589,2,32,3,2.02193,0.491704,0,1.00755,1.09502,100,0,6.03649,6.56057,4.80143,1.56055,-0.00958404,0
0.44,0.689812,250,0,12.589,2,32,3,2.02193,0.491704,0,1.00755,1.09502,100,1,6.03649,6.56057,4.80143,1.56055,-0.00958404,0
 
0.46,0.689812,250,0,12.589,2,32,3,2.10057,0.510826,0,1.00825,1.10386,100,1,6.03649,6.56057,4.80143,1.56055,-0.00958404,0
0.46,0.689812,250,0,12.589,2,32,3,2.10057,0.510826,0,1.00825,1.10386,100,0,5.98817,6.556,5.01364,1.61266,0,1
0.46,0.689812,250,0,12.589,2,32,3,2.10057,0.510826,0,1.00825,1.10386,100,0,5.98817,6.556,5.01364,1.61266,-0.012873,0
0.46,0.689812,250,0,12.589,2,32,3,2.10057,0.510826,0,1.00825,1.10386,100,1,5.98817,6.556,5.01364,1.61266,-0.012873,0
 
0.48,0.689812,250,0,12.589,2,32,3,2.18095,0.530374,0,1.00898,1.11308,100,1,5.98817,6.556,5.01364,1.61266,-0.012873,0
0.48,0.689812,250,0,12.589,2,32,3,2.18095,0.530374,0,1.00898,1.11308,100,0,5.93853,6.55124,5.2261,1.66536,0,1
0.48,0.689812,250,0,12.589,2,32,3,2.18095,0.530374,0,1.00898,1.11308,100,0,5.93853,6.55124,5.2261,1.66536,-0.0164961,0
0.48,0.689812,250,0,12.589,2,32,3,2.18095,0.530374,0,1.00898,1.11308,100,1,5.93853,6.55124,5.2261,1.66536,-0.0164961,0
 
0.5,0.689812,250,0,12.589,2,32,3,2.26311,0.550354,0,1.00975,1.1227,100,1,5.93853,6.55124,5.2261,1.66536,-0.0164961,0
0.5,0.689812,250,0,12.589,2,32,3,2.26311,0.550354,0,1.00975,1.1227,100,0,5.88765,6.54628,5.43878,1.71857,0,1
0.5,0.689812,250,0,12.589,2,31,3,2.26311,0.550354,0,1.00975,1.1227,100,0,5.88765,6.54628,5.43878,1.71857,-0.00618353,0
0.5,0.689812,250,0,12.589,2,31,3,2.26311,0.550354,0,1.00975,1.1227,100,1,5.88765,6.54628,5.43878,1.71857,-0.00618353,0
 
0.52,0.689812,250,0,12.589,2,31,3,2.34708,0.570775,0,1.01054,1.13272,100,1,5.88765,6.54628,5.43878,1.71857,-0.00618353,0
0.52,0.689812,250,0,12.589,2,31,3,2.34708,0.570775,0,1.01054,1.13272,100,0,5.8356,6.54113,5.65165,1.77227,0,1
0.52,0.689812,250,0,12.589,2,31,3,2.34708,0.570775,0,1.01054,1.13272,100,0,5.8356,6.54113,5.65165,1.77227,-0.0100622,0
0.52,0.689812,250,0,12.589,2,31,3,2.34708,0.570775,0,1.01054,1.13272,100,1,5.8356,6.54113,5.65165,1.77227,-0.0100622,0
 
0.54,0.689812,250,0,12.589,2,31,3,2.4329,0.591644,0,1.01137,1.14312,100,1,5.8356,6.54113,5.65165,1.77227,-0.0100622,0
0.54,0.689812,250,0,12.589,2,31,3,2.4329,0.591644,0,1.01137,1.14312,100,0,5.78248,6.53578,5.8647,1.82639,0,1
0.54,0.689812,250,0,12.589,2,31,3,2.4329,0.591644,0,1.01137,1.14312,100,0,5.78248,6.53578,5.8647,1.82639,-0.0143444,0
0.54,0.689812,250,0,12.589,2,31,3,2.4329,0.591644,0,1.01137,1.14312,100,1,5.78248,6.53578,5.8647,1.82639,-0.0143444,0
 
0.56,0.689812,250,0,12.589,2,31,3,2.52059,0.612971,0,1.01223,1.15392,100,1,5.78248,6.53578,5.8647,1.82639,-0.0143444,0
0.56,0.689812,250,0,12.589,2,31,3,2.52059,0.612971,0,1.01223,1.15392,100,0,5.72837,6.53024,6.07791,1.88092,0,1
0.56,0.689812,250,0,12.589,2,31,3,2.52059,0.612971,0,1.01223,1.15392,100,0,5.72837,6.53024,6.07791,1.88092,-0.0190845,0
0.56,0.689812,250,0,12.589,2,31,3,2.52059,0.612971,0,1.01223,1.15392,100,1,5.72837,6.53024,6.07791,1.88092,-0.0190845,0
 
0.58,0.689812,250,0,12.589,2,31,3,2.61021,0.634763,0,1.01312,1.16511,100,1,5.72837,6.53024,6.07791,1.88092,-0.0190845,0
0.58,0.689812,250,0,12.589,2,31,3,2.61021,0.634763,0,1.01312,1.16511,100,0,5.67335,6.52451,6.29125,1.9358,0,1
0.58,0.689812,250,0,12.589,2,31,3,2.61021,0.634763,0,1.01312,1.16511,100,0,5.67335,6.52451,6.29125,1.9358,-0.0243478,0
0.58,0.689812,250,0,12.589,2,31,3,2.61021,0.634763,0,1.01312,1.16511,100,1,5.67335,6.52451,6.29125,1.9358,-0.0243478,0
 
0.6,0.689812,250,0,12.589,2,31,3,2.70176,0.657029,0,1.01404,1.17669,100,1,5.67335,6.52451,6.29125,1.9358,-0.0243478,0
0.6,0.689812,250,0,12.589,2,31,3,2.70176,0.657029,0,1.01404,1.17669,100,0,5.61751,6.51859,6.50473,1.99102,0,1
0.6,0.689812,250,0,12.589,2,31,3,2.70176,0.657029,0,1.01404,1.17669,100,0,5.61751,6.51859,6.50473,1.99102,-0.0302123,0
0.6,0.689812,250,0,12.589,2,31,3,2.70176,0.657029,0,1.01404,1.17669,100,1,5.61751,6.51859,6.50473,1.99102,-0.0302123,0
 
0.62,0.689812,250,0,12.589,2,31,3,2.79531,0.679776,0,1.01499,1.18867,100,1,5.61751,6.51859,6.50473,1.99102,-0.0302123,0
0.62,0.689812,250,0,12.589,2,31,3,2.79531,0.679776,0,1.01499,1.18867,100,0,5.56091,6.51248,6.71832,2.04655,0,1
0.62,0.689812,250,0,12.589,2,30,3,2.79531,0.679776,0,1.01499,1.18867,100,0,5.56091,6.51248,6.71832,2.04655,-0.0143489,0
0.62,0.689812,250,0,12.589,2,30,3,2.79531,0.679776,0,1.01499,1.18867,100,1,5.56091,6.51248,6.71832,2.04655,-0.0143489,0
 
0.64,0.689812,250,0,12.589,2,30,3,2.89087,0.703015,0,1.01597,1.20104,100,1,5.56091,6.51248,6.71832,2.04655,-0.0143489,0
0.64,0.689812,250,0,12.589,2,30,3,2.89087,0.703015,0,1.01597,1.20104,100,0,5.50364,6.50619,6.93202,2.10236,0,1
0.64,0.689812,250,0,12.589,2,30,3,2.89087,0.703015,0,1.01597,1.20104,100,0,5.50364,6.50619,6.93202,2.10236,-0.0201846,0
0.64,0.689812,250,0,12.589,2,30,3,2.89087,0.703015,0,1.01597,1.20104,100,1,5.50364,6.50619,6.93202,2.10236,-0.0201846,0
 
0.66,0.689812,250,0,12.589,2,30,3,2.98848,0.726754,0,1.01698,1.2138,100,1,5.50364,6.50619,6.93202,2.10236,-0.0201846,0
0.66,0.689812,250,0,12.589,2,30,3,2.98848,0.726754,0,1.01698,1.2138,100,0,5.44578,6.4997,7.14581,2.15842,0,1
0.66,0.689812,250,0,12.589,2,30,3,2.98848,0.726754,0,1.01698,1.2138,100,0,5.44578,6.4997,7.14581,2.15842,-0.0266868,0
0.66,0.689812,250,0,12.589,2,30,3,2.98848,0.726754,0,1.01698,1.2138,100,1,5.44578,6.4997,7.14581,2.15842,-0.0266868,0
 
0.68,0.689812,250,0,12.589,2,30,3,3.08819,0.751001,0,1.01803,1.22695,100,1,5.44578,6.4997,7.14581,2.15842,-0.0266868,0
0.68,0.689812,250,0,12.589,2,30,3,3.08819,0.751001,0,1.01803,1.22695,100,0,5.3874,6.49303,7.3597,2.21473,0,1
0.68,0.689812,250,0,12.589,2,30,3,3.08819,0.751001,0,1.01803,1.22695,100,0,5.3874,6.49303,7.3597,2.21473,-0.0339568,0
0.68,0.689812,250,0,12.589,2,30,3,3.08819,0.751001,0,1.01803,1.22695,100,1,5.3874,6.49303,7.3597,2.21473,-0.0339568,0
 
0.7,0.689812,250,0,12.589,2,30,3,3.19002,0.775766,0,1.0191,1.2405,100,1,5.3874,6.49303,7.3597,2.21473,-0.0339568,0
0.7,0.689812,250,0,12.589,2,30,3,3.19002,0.775766,0,1.0191,1.2405,100,0,5.32856,6.48617,7.57367,2.27126,0,1
0.7,0.689812,250,0,12.589,2,30,3,3.19002,0.775766,0,1.0191,1.2405,100,0,5.32856,6.48617,7.57367,2.27126,-0.0421146,0
0.7,0.689812,250,0,12.589,2,30,3,3.19002,0.775766,0,1.0191,1.2405,100,1,5.32856,6.48617,7.57367,2.27126,-0.0421146,0
 
0.72,0.689812,250,0,12.589,2,30,3,3.29403,0.801058,0,1.02021,1.25444,100,1,5.32856,6.48617,7.57367,2.27126,-0.0421146,0
0.72,0.689812,250,0,12.589,2,30,3,3.29403,0.801058,0,1.02021,1.25444,100,0,5.26935,6.47914,7.78771,2.328,0,1
0.72,0.689812,250,0,12.589,2,30,3,3.29403,0.801058,0,1.02021,1.25444,100,0,5.26935,6.47914,7.78771,2.328,-0.0513012,0
0.72,0.689812,250,0,12.589,2,30,3,3.29403,0.801058,0,1.02021,1.25444,100,1,5.26935,6.47914,7.78771,2.328,-0.0513012,0
 
0.74,0.689812,250,0,12.589,2,30,3,3.40023,0.826886,0,1.02135,1.26877,100,1,5.26935,6.47914,7.78771,2.328,-0.0513012,0
0.74,0.689812,250,0,12.589,2,30,3,3.40023,0.826886,0,1.02135,1.26877,100,0,5.20983,6.47191,8.00183,2.38493,0,1
0.74,0.689812,250,0,12.589,2,30,3,3.40023,0.826886,0,1.02135,1.26877,100,0,5.20983,6.47191,8.00183,2.38493,-0.0616802,0
0.74,0.689812,250,0,12.589,2,30,3,3.40023,0.826886,0,1.02135,1.26877,100,1,5.20983,6.47191,8.00183,2.38493,-0.0616802,0
 
0.76,0.689812,250,0,12.589,2,30,3,3.50868,0.85326,0,1.02252,1.2835,100,1,5.20983,6.47191,8.00183,2.38493,-0.0616802,0
0.76,0.689812,250,0,12.589,2,30,3,3.50868,0.85326,0,1.02252,1.2835,100,0,5.15006,6.46451,8.216,2.44204,0,1
0.76,0.689812,250,0,12.589,2,30,3,3.50868,0.85326,0,1.02252,1.2835,100,0,5.15006,6.46451,8.216,2.44204,-0.0734339,0
0.76,0.689812,250,0,12.589,2,30,3,3.50868,0.85326,0,1.02252,1.2835,100,1,5.15006,6.46451,8.216,2.44204,-0.0734339,0
 
0.78,0.689812,250,0,12.589,2,30,3,3.61942,0.880189,0,1.02372,1.29861,100,1,5.15006,6.46451,8.216,2.44204,-0.0734339,0
0.78,0.689812,250,0,12.589,2,30,3,3.61942,0.880189,0,1.02372,1.29861,100,0,5.09011,6.45693,8.43024,2.49931,0,1
0.78,0.689812,250,0,12.589,2,30,3,3.61942,0.880189,0,1.02372,1.29861,100,0,5.09011,6.45693,8.43024,2.49931,-0.0867474,0
0.78,0.689812,250,0,12.589,2,30,3,3.61942,0.880189,0,1.02372,1.29861,100,1,5.09011,6.45693,8.43024,2.49931,-0.0867474,0
 
0.8,0.689812,250,0,12.589,2,30,3,3.73248,0.907682,0,1.02495,1.31412,100,1,5.09011,6.45693,8.43024,2.49931,-0.0867474,0
0.8,0.689812,250,0,12.589,2,30,3,3.73248,0.907682,0,1.02495,1.31412,100,0,5.03003,6.44917,8.64454,2.55674,0,1
0.8,0.689812,250,0,12.589,2,33,3,3.73248,0.907682,0,1.02495,1.31412,100,1,5.03003,6.44917,8.64454,2.55674,1.18604,1
0.8,0.689812,250,0,12.589,2,34,3,3.73248,0.907682,0,1.02495,1.31412,100,2,5.03003,6.44917,8.64454,2.55674,1.53022,1
0.8,0.689812,250,0,12.589,2,35,3,3.73248,0.907682,0,1.02495,1.31412,100,3,5.03003,6.44917,8.64454,2.55674,1.72943,1
0.8,0.689812,250,0,12.589,2,36,3,3.73248,0.907682,0,1.02495,1.31412,100,4,5.03003,6.44917,8.64454,2.55674,1.78816,1
0.8,0.689812,250,0,12.589,2,37,3,3.73248,0.907682,0,1.02495,1.31412,100,5,5.03003,6.44917,8.64454,2.55674,1.74345,1
0.8,0.689812,250,0,12.589,2,38,3,3.73248,0.907682,0,1.02495,1.31412,100,6,5.03003,6.44917,8.64454,2.55674,1.64022,1
0.8,0.689812,250,0,12.589,2,39,3,3.73248,0.907682,0,1.02495,1.31412,100,7,5.03003,6.44917,8.64454,2.55674,1.51435,1
0.8,0.689812,250,0,12.589,2,40,3,3.73248,0.907682,0,1.02495,1.31412,100,8,5.03003,6.44917,8.64454,2.55674,1.38852,1
0.8,0.689812,250,0,12.589,2,23,3,3.73248,0.907682,0,1.02495,1.31412,100,8,5.03003,6.44917,8.64454,2.55674,0.274858,0
0.8,0.689812,250,0,12.589,2,23,3,3.73248,0.907682,0,1.02495,1.31412,100,9,5.03003,6.44917,8.64454,2.55674,0.274858,0
 
0.82,0.689812,250,0,12.589,2,23,3,3.8479,0.935751,0,1.02622,1.33003,100,9,5.03003,6.44917,8.64454,2.55674,0.274858,0
0.82,0.689812,250,0,12.589,2,23,3,3.8479,0.935751,0,1.02622,1.33003,100,0,4.96989,6.44123,8.85889,2.61431,0,1
0.82,0.689812,250,0,12.589,2,26,3,3.8479,0.935751,0,1.02622,1.33003,100,1,4.96989,6.44123,8.85889,2.61431,-1.14763,1
0.82,0.689812,250,0,12.589,2,27,3,3.8479,0.935751,0,1.02622,1.33003,100,2,4.96989,6.44123,8.85889,2.61431,-0.893518,1
0.82,0.689812,250,0,12.589,2,28,3,3.8479,0.935751,0,1.02622,1.33003,100,3,4.96989,6.44123,8.85889,2.61431,-0.661041,1
0.82,0.689812,250,0,12.589,2,29,3,3.8479,0.935751,0,1.02622,1.33003,100,4,4.96989,6.44123,8.85889,2.61431,-0.430055,1
0.82,0.689812,250,0,12.589,2,30,3,3.8479,0.935751,0,1.02622,1.33003,100,5,4.96989,6.44123,8.85889,2.61431,-0.18832,1
0.82,0.689812,250,0,12.589,2,31,3,3.8479,0.935751,0,1.02622,1.33003,100,6,4.96989,6.44123,8.85889,2.61431,0.0681197,1
0.82,0.689812,250,0,12.589,2,32,3,3.8479,0.935751,0,1.02622,1.33003,100,7,4.96989,6.44123,8.85889,2.61431,0.332588,1
0.82,0.689812,250,0,12.589,2,33,3,3.8479,0.935751,0,1.02622,1.33003,100,8,4.96989,6.44123,8.85889,2.61431,0.586846,1
0.82,0.689812,250,0,12.589,2,34,3,3.8479,0.935751,0,1.02622,1.33003,100,9,4.96989,6.44123,8.85889,2.61431,0.805648,1
0.82,0.689812,250,0,12.589,2,35,3,3.8479,0.935751,0,1.02622,1.33003,100,10,4.96989,6.44123,8.85889,2.61431,0.967262,1
0.82,0.689812,250,0,12.589,2,36,3,3.8479,0.935751,0,1.02622,1.33003,100,11,4.96989,6.44123,8.85889,2.61431,1.06354,1
0.82,0.689812,250,0,12.589,2,20,3,3.8479,0.935751,0,1.02622,1.33003,100,11,4.96989,6.44123,8.85889,2.61431,0.383656,0
0.82,0.689812,250,0,12.589,2,20,3,3.8479,0.935751,0,1.02622,1.33003,100,12,4.96989,6.44123,8.85889,2.61431,0.383656,0
 
0.84,0.689812,250,0,12.589,2,20,3,3.96572,0.964404,0,1.02751,1.34632,100,12,4.96989,6.44123,8.85889,2.61431,0.383656,0
0.84,0.689812,250,0,12.589,2,20,3,3.96572,0.964404,0,1.02751,1.34632,100,0,4.90974,6.43311,9.07329,2.67202,0,1
0.84,0.689812,250,0,12.589,2,23,3,3.96572,0.964404,0,1.02751,1.34632,100,1,4.90974,6.43311,9.07329,2.67202,-1.3804,1
0.84,0.689812,250,0,12.589,2,24,3,3.96572,0.964404,0,1.02751,1.34632,100,2,4.90974,6.43311,9.07329,2.67202,-1.12815,1
0.84,0.689812,250,0,12.589,2,18,3,3.96572,0.964404,0,1.02751,1.34632,100,2,4.90974,6.43311,9.07329,2.67202,0.44178,0
0.84,0.689812,250,0,12.589,2,18,3,3.96572,0.964404,0,1.02751,1.34632,100,3,4.90974,6.43311,9.07329,2.67202,0.44178,0
 
0.86,0.689812,250,0,12.589,2,18,3,4.08599,0.993653,0,1.02884,1.36301,100,3,4.90974,6.43311,9.07329,2.67202,0.44178,0
0.86,0.689812,250,0,12.589,2,18,3,4.08599,0.993653,0,1.02884,1.36301,100,0,4.84963,6.42482,9.28773,2.72985,0,1
0.86,0.689812,250,0,12.589,2,21,3,4.08599,0.993653,0,1.02884,1.36301,100,1,4.84963,6.42482,9.28773,2.72985,-1.40598,1
0.86,0.689812,250,0,12.589,2,17,3,4.08599,0.993653,0,1.02884,1.36301,100,1,4.84963,6.42482,9.28773,2.72985,0.473354,0
0.86,0.689812,250,0,12.589,2,17,3,4.08599,0.993653,0,1.02884,1.36301,100,2,4.84963,6.42482,9.28773,2.72985,0.473354,0
 
0.88,0.689812,250,0,12.589,2,17,3,4.20875,1.02351,0,1.03019,1.38009,100,2,4.84963,6.42482,9.28773,2.72985,0.473354,0
0.88,0.689812,250,0,12.589,2,17,3,4.20875,1.02351,0,1.03019,1.38009,100,0,4.78961,6.41636,9.50222,2.78781,0,1
0.88,0.689812,250,0,12.589,2,16,3,4.20875,1.02351,0,1.03019,1.38009,100,0,4.78961,6.41636,9.50222,2.78781,0.502686,0
0.88,0.689812,250,0,12.589,2,16,3,4.20875,1.02351,0,1.03019,1.38009,100,1,4.78961,6.41636,9.50222,2.78781,0.502686,0
 
0.9,0.689812,250,0,12.589,2,16,3,4.33404,1.05397,0,1.03158,1.39756,100,1,4.78961,6.41636,9.50222,2.78781,0.502686,0
0.9,0.689812,250,0,12.589,2,16,3,4.33404,1.05397,0,1.03158,1.39756,100,0,4.72973,6.40773,9.71675,2.84587,0,1
0.9,0.689812,250,0,12.589,2,14,3,4.33404,1.05397,0,1.03158,1.39756,100,0,4.72973,6.40773,9.71675,2.84587,0.552208,0
0.9,0.689812,250,0,12.589,2,14,3,4.33404,1.05397,0,1.03158,1.39756,100,1,4.72973,6.40773,9.71675,2.84587,0.552208,0
 
0.92,0.689812,250,0,12.589,2,14,3,4.46191,1.08507,0,1.033,1.41543,100,1,4.72973,6.40773,9.71675,2.84587,0.552208,0
0.92,0.689812,250,0,12.589,2,14,3,4.46191,1.08507,0,1.033,1.41543,100,0,4.67003,6.39893,9.93131,2.90404,0,1
0.92,0.689812,250,0,12.589,2,14,3,4.46191,1.08507,0,1.033,1.41543,100,0,4.67003,6.39893,9.93131,2.90404,0.559668,0
0.92,0.689812,250,0,12.589,2,14,3,4.46191,1.08507,0,1.033,1.41543,100,1,4.67003,6.39893,9.93131,2.90404,0.559668,0
 
0.94,0.689812,250,0,12.589,2,14,3,4.59239,1.1168,0,1.03445,1.43369,100,1,4.67003,6.39893,9.93131,2.90404,0.559668,0
0.94,0.689812,250,0,12.589,2,14,3,4.59239,1.1168,0,1.03445,1.43369,100,0,4.61055,6.38996,10.1459,2.96231,0,1
0.94,0.689812,250,0,12.589,2,13,3,4.59239,1.1168,0,1.03445,1.43369,100,0,4.61055,6.38996,10.1459,2.96231,0.59012,0
0.94,0.689812,250,0,12.589,2,13,3,4.59239,1.1168,0,1.03445,1.43369,100,1,4.61055,6.38996,10.1459,2.96231,0.59012,0
 
0.96,0.689812,250,0,12.589,2,13,3,4.72554,1.14918,0,1.03593,1.45234,100,1,4.61055,6.38996,10.1459,2.96231,0.59012,0
0.96,0.689812,250,0,12.589,2,13,3,4.72554,1.14918,0,1.03593,1.45234,100,0,4.55134,6.38082,10.3606,3.02068,0,1
0.96,0.689812,250,0,12.589,2,12,3,4.72554,1.14918,0,1.03593,1.45234,100,0,4.55134,6.38082,10.3606,3.02068,0.623724,0
0.96,0.689812,250,0,12.589,2,12,3,4.72554,1.14918,0,1.03593,1.45234,100,1,4.55134,6.38082,10.3606,3.02068,0.623724,0
 
0.98,0.689812,250,0,12.589,2,12,3,4.86139,1.18222,0,1.03744,1.47138,100,1,4.55134,6.38082,10.3606,3.02068,0.623724,0
0.98,0.689812,250,0,12.589,2,12,3,4.86139,1.18222,0,1.03744,1.47138,100,0,4.49244,6.37151,10.5752,3.07913,0,1
0.98,0.689812,250,0,12.589,2,12,3,4.86139,1.18222,0,1.03744,1.47138,100,0,4.49244,6.37151,10.5752,3.07913,0.628846,0
0.98,0.689812,250,0,12.589,2,12,3,4.86139,1.18222,0,1.03744,1.47138,100,1,4.49244,6.37151,10.5752,3.07913,0.628846,0
 
1,0.689812,250,0,12.589,2,12,3,5,1.21593,0,1.03899,1.49082,100,1,4.49244,6.37151,10.5752,3.07913,0.628846,0
1,0.689812,250,0,12.589,2,12,3,5,1.21593,0,1.03899,1.49082,100,0,4.43387,6.36204,10.7899,3.13766,0,1
1,0.689812,250,0,12.589,2,11,3,5,1.21593,0,1.03899,1.49082,100,0,4.43387,6.36204,10.7899,3.13766,0.665506,0
1,0.689812,250,0,12.589,2,11,3,5,1.21593,0,1.03899,1.49082,100,1,4.43387,6.36204,10.7899,3.13766,0.665506,0
